{
  "project_info": {
    "project_number": "295182570957",
    "project_id": "caddy-course",
    "storage_bucket": "caddy-course.firebasestorage.app"
  },
  "client": [
    {
      "client_info": {
        "mobilesdk_app_id": "1:295182570957:android:7be96d1a7e96960cd7e084",
        "android_client_info": {
          "package_name": "com.example.caddy"
        }
      },
      "oauth_client": [],
      "api_key": [
        {
          "current_key": "AIzaSyBI6MEQ0226QLZtkCDoVrkcGv2INKYp4cU"
        }
      ],
      "services": {
        "appinvite_service": {
          "other_platform_oauth_client": []
        }
      }
    },
    {
      "client_info": {
        "mobilesdk_app_id": "1:295182570957:android:edfeeaffa3f68190d7e084",
        "android_client_info": {
          "package_name": "com.example.caddy_app"
        }
      },
      "oauth_client": [],
      "api_key": [
        {
          "current_key": "AIzaSyBI6MEQ0226QLZtkCDoVrkcGv2INKYp4cU"
        }
      ],
      "services": {
        "appinvite_service": {
          "other_platform_oauth_client": []
        }
      }
    }
  ],
  "configuration_version": "1"
}